split,loss,accuracy,auc
validation,1.0379510521888733,0.5391304347826087,0.6745454545454546
test,1.0589630901813507,0.5391304347826087,0.47626293365794276
