model,split,accuracy,auc,brier
logistic_regression,valid,0.5425531914893617,0.49550189393939387,0.27865276227779123
logistic_regression,test,0.4627659574468085,0.4080415883458647,0.30961577388790223
