{
  "residual_q05": -0.17241893031419703,
  "residual_q16": -0.09305516315243426,
  "residual_q50": 0.016658612258806254,
  "residual_q84": 0.18466710580684642,
  "residual_q95": 0.25376384010757036,
  "mae_log_return": 0.10656661288374103,
  "rmse_log_return": 0.13468662725065897,
  "median_absolute_price_error_pct": 8.609550097565855,
  "coverage_68": 0.675531914893617,
  "coverage_90": 0.898936170212766
}