{
  "enabled": true,
  "intercept": 0.6516002091657668,
  "coef": 0.1354036011995848
}